Ausgabe;Datum;Originaltitel;Neuauflage­datum;Neuauflagetitel
LTB 1;09.10.1967;Der Kolumbusfalter und andere Abenteuer;1997/2020;Der Kolumbusfalter
LTB 2;Jan 68;Hallo...hier Micky!;1997/2015/;Das ewige Feuer
LTB 3;Mrz 68;Onkel Dagoberts Millionen;1997/2020;Der Gürtel aus dem Morgenland
LTB 4;Jul 68;Donald, Koenig des Wilden Westens;1997/2020;In geheimer Mission
LTB 5;Okt 68;Onkel Dagobert bleibt Sieger;1997/2020;Allein auf einer Insel
LTB 6;1968;Micky Parade;1997/2015;Die Reise zum Mond
LTB 7;22.05.1969;Donald in 1000 Noeten;1997/2015;Auf der Suche nach dem Füllhorn
LTB 8;Jul 69;Donald gibt nicht auf;1997/2015;Der fliegende Schotte
LTB 9;Okt 69;Micky ist der Groesste;1997/2020;Die Piraten des gelben Meeres
LTB 10;22.12.1969;Mit Onkel Dagobert auf Weltreise;1997/2020;Aladins Grotte
LTB 11;Mrz 70;Hexenzauber mit Micky und Goofy;1997/2015;Der rätselhafte Eisberg
LTB 12;Jun 70;Donald in Hypnose;1997/2017;Die grünen Steine der Gapas-Gapas
LTB 13;Sep 70;Micky in Gefahr;1997/2017;Der Mann aus Ping-Pong
LTB 14;Nov 70;Donald sucht Streit;1997/2017;Die Dampfwalzen-Rallye
LTB 15;Apr 71;Abenteuer mit Micky und Goofy;1997/2015;Der Diamantenkaiser
LTB 16;Jun 71;Donald in 1000 und einer Nacht;1997;Die Reise um die Welt
LTB 17;Sep 71;Micky und Minni;1997/2017;Die Wikinger-Expedition
LTB 18;Nov 71;Donald ist unschlagbar;1997/2015;Gekreuzte Klingen
LTB 19;Mrz 72;Pech fuer die Panzerknacker;1997/2017;Das falsche Gold
LTB 20;26.05.1972;Onkel Dagobert sieht rot;1997/2015;Der Hahn aus Mexiko
LTB 21;08.08.1972;7:0 fuer Onkel Dagobert;1998/2017;Das Gold-Elixier
LTB 22;13.12.1972;Donald auf grosser Fahrt;1998/2017;Der alte Pirat
LTB 23;Feb 73;Ritter Donald ist der Beste;1998/2014;In Kaiser Dagokarls Diensten
LTB 24;21.05.1973;Donald geht ein Licht auf;1998/2014;Die Platinquelle
LTB 25;02.08.1973;Tick, Trick und Track raeumen auf;1998;Der Zebradiamant
LTB 26;12.11.1973;Onkel Dagobert schafft's allein;1998/2017;Der wildgewordene Doppelgänger
LTB 27;18.02.1974;Donald der Grosse;1998;Beim König der Meere
LTB 28;06.05.1974;Wer wagt, gewinnt;1998/2017;Die Kantenamphore
LTB 29;01.07.1974;Micky, der Westernheld;1998;Das kostbare Korallenkänguruh
LTB 30;09.09.1974;Hier gehts rund;1998/2015;Die Gelbfußindianer
LTB 31;04.11.1974;Unverhofft kommt oft;1998;Die rigorose Räumungsklage
LTB 32;10.02.1975;Donald im Glueck;1998;Villa zu vermieten!
LTB 33;14.04.1975;Ein Milliardaer hat's schwer;1998;Der Schatz des Odysseus
LTB 34;01.05.1975;Supermicky;1998;Der Mann im Mond
LTB 35;11.08.1975;Aus Onkel Donalds Memoiren;1998/2017;Bräutigam wider Willen
LTB 36;13.10.1975;Onkel Donald auf heisser Spur;1998/2017;Der Rasende Kurier
LTB 37;24.11.1975;Ehrlich spart am laengsten;1998;Ein harter Kampf
LTB 38;09.02.1976;Donald hier - Donald da;1998;Die durchsichtigen Berge
LTB 39;12.04.1976;Eins, zwei, drei - grosse Hexerei;1998;Der Hexen-Blitzableiter
LTB 40;14.06.1976;Auf geht's Micky;1998;Der Kompass des großen Khan
LTB 41;09.08.1976;Donald mal ganz anders;1998/2017;Jetzt kommt Phantomias!
LTB 42;01.10.1976;Micky denkt am schnellsten;1998;Flug ins Ungewisse
LTB 43;22.11.1976;Unterwegs in Sachen Gold;1998;Der Schatz des Pharaos
LTB 44;Jan 77;Phantomias fliegt wieder;1998;Phantomias ist wieder da!
LTB 45;Mrz 77;Bahn frei fuer Donald!;1998;Die Weltraum-Kur
LTB 46;Mai 77;Micky hat den Bogen raus;1998;Das Geheimnis des hohlen Berges
LTB 47;01.06.1977;Hoppla, die Ducks kommen;1998;Abenteuer in Mexico
LTB 48;11.07.1977;Volltreffer fuer Micky;1998;Der Rote Drache
LTB 49;12.09.1977;Ohne Fleiss kein Preis;1998;Der Kalif des Halbmonds
LTB 50;14.11.1977;Dagobert gewinnt immer;1998;Das verflixte Elixier
LTB 51;09.01.1978;Kopf hoch, Donald!;1998;König Drachoberts Dukaten
LTB 52;Mrz 78;Micky immer auf Achse;1998;In geheimer Mission
LTB 53;24.04.1978;Dagobert, der Milliardenakrobat;1998;Die Bombastium-Expedition
LTB 54;05.06.1978;Micky, der Meisterdetektiv;1998/2017;Die grüne Sphinx
LTB 55;10.07.1978;Dagobert macht Geschichten;1998;Der Löwenbändiger
LTB 56;11.09.1978;Achtung - fertig - los!;1998;Atlantis in Gefahr
LTB 57;23.11.1978;Phantomias gegen Phantomime;1998/2017;Phantomias gegen Phantomime
LTB 58;08.01.1979;Donald, der Held des Tages;1998/2017;Donald, Prinz von Duckenmark
LTB 59;12.03.1979;Frisch erzaehlt ist halb gewonnen;1998;Die Zauberschuhe
LTB 60;07.05.1979;Donald ohne Furcht und Tadel;1998;Bei den Nachtwandler-Indianern
LTB 61;11.06.1979;Ohne Donald geht es nicht!;1998;Unternehmen Kürbisan
LTB 62;09.07.1979;Micky auf Gespensterjagd;1998;Das doppelte Geheimnis des Schwarzen Phantoms
LTB 63;10.09.1979;Micky, der rasende Reporter;1998;Der Zauberrubin
LTB 64;12.11.1979;Onkel Dagoberts Traumreisen;1998;Düsentrieb unter Verdacht
LTB 65;14.01.1980;Spass mit Micky und Minni;1998;Der schurkische Magnetofix
LTB 66;10.03.1980;Donald dreht durch;1998;Kampf um die Reistafel
LTB 67;12.05.1980;Micky Maus - Superstar;1998;Auf den Spuren der Indianer
LTB 68;09.06.1980;Alles Gute, Donald!;1998/2017;Die Watschenkappe von Oja
LTB 69;14.07.1980;Dagoberts grosse Schau;1998;Der Südsee-Yeti
LTB 70;15.09.1980;Rund um die Welt mit Micky Maus;1998/2017;Helden des Weltraums
LTB 71;10.11.1980;Die Geschaefte des Onkel Dagobert;1998;Abenteuer in Taba-Taba
LTB 72;12.01.1981;Viel Laerm um Donald;1998;Der Geist aus der Ming-Vase
LTB 73;09.03.1981;Micky greift ein;1998;Das falsche Gespenst
LTB 74;11.05.1981;Der Stolz der Familie;1998;Linsen aus Babylonien
LTB 75;15.06.1981;Ferien mit Phantomias;1998;Phantomias greift durch!
LTB 76;13.07.1981;Ein Fall fuer Micky;1998;Die Kralle der Kali
LTB 77;14.09.1981;Gestatten, mein Name ist Duck!;1998;Agent QQ7 §§
LTB 78;09.11.1981;Onkel Dagobert gibt sich die Ehre;1998;Gefährliche Versteckspiele
LTB 79;11.01.1982;Dagobert Duck auf Taler-Safari;1998;Gnadenlose Gegner
LTB 80;08.03.1982;Fantastische Geschichten mit Micky Maus;1998;Ärger mit den Vorfahren
LTB 81;10.05.1982;Donald im Rampenlicht;1998;Der Kampf ums Gold
LTB 82;14.06.1982;Donald vor! Noch ein Tor!;1998;Das erste Fußballspiel der Welt
LTB 83;12.07.1982;Phantomias bittet zum Tanz;1998;Phantomias und die schwarze Maske
LTB 84;13.09.1982;Mit Volldampf ins Abenteuer;1998;Der Autoklau geht um
LTB 85;15.11.1982;Ein Hoch auf Donald Duck;1998;Der Zauberwald
LTB 86;10.01.1983;Aus dem Leben eines Milliardaers;1998;Ein gefährlicher Auftrag
LTB 87;14.03.1983;Micky ist wieder da!;1998;Das grüne Feuer
LTB 88;19.05.1983;Donald sticht in See;1998;Der schwarze Korsar
LTB 89;13.06.1983;Der Boss bin ich!;1998;Onkel Dagobert hoch drei
LTB 90;11.07.1983;Mickys Mondfahrt;1998;Mondbasis in Gefahr
LTB 91;12.09.1983;Der Weg zum Erfolg;1999;Das singende Totem
LTB 92;14.11.1983;Donalds bunte Welt;1999;Der Siegerkuss
LTB 93;09.01.1984;Die Macht des Goldes;1999;Glanz und Gloria derer von Duck
LTB 94;12.03.1984;Micky gross in Form;1999;Unter falschem Verdacht
LTB 95;07.05.1984;Onkel Dagobert erzaehlt;1999;Der sprechende Zauberberg
LTB 96;01.06.1984;Donald bleibt auf Kurs;1999;Ungeahnte Talente
LTB 97;06.07.1984;Olympisches Allerlei;1999;Die heiße Spur
LTB 98;03.08.1984;Vorhang auf fuer Micky und Gamma;1999;Die verschwundenen Raketen
LTB 99;07.09.1984;Onkel Dagobert schwimmt im Geld;1999;Der blaue Fluch
LTB 100;09.11.1984;Ein Fest fuer Donald;1999;100 Jubiläums-Ausgabe
LTB 101;04.01.1985;Dicke Luft im Hause Duck;1999;Donald setzt sich durch
LTB 102;22.02.1985;Du bist ein As, Phantomias!;1999;Hut ab vor Phantomias!
LTB 103;04.04.1985;Der Duck-Clan;1999;Südseeträume
LTB 104;24.05.1985;Dagobert, das Finanzgenie;1999;Der magische Zylinder
LTB 105;05.07.1985;Ich bin die Nummer eins;1999;Andere Länder Andere Sitten
LTB 106;23.08.1985;Donald, der Tausendsassa;1999;Der Tüpfelwal
LTB 107;11.10.1985;Wer zuletzt lacht...;1999;Der makabre Magier
LTB 108;29.11.1985;Donald ist im Bilde;1999;Künstlerpech
LTB 109;10.01.1986;Das Lied der Praerie;1999;Das Lied der Prärie
LTB 110;21.02.1986;Donald ist mein Typ!;1999;Gittas Zauberkünste
LTB 111;04.04.1986;Dagobert dreht voll auf;1999;Das Zauberwasser
LTB 112;16.05.1986;Mit Pauken und Trompeten;1999;Goofy Holmes
LTB 113;04.07.1986;Manege frei fuer Donald Duck;1999;Die Goldsonde
LTB 114;15.08.1986;Rallye Entenhausen;1999;Der Trompeter von Fort Attacke
LTB 115;30.09.1986;Riesenspass beim Ringelpiez;1999;Milliarden mit Melonen
LTB 116;28.11.1986;Ohne Netz und doppelten Boden;1999;Onkel Dagobert auf Abwegen
LTB 117;13.01.1987;Die Ducks vom Winde verweht;1999;Die Ducks... vom Winde verweht
LTB 118;03.03.1987;Donald der Weltenbummler;1999;Der große Preis vom Erpelheimring
LTB 119;21.04.1987;Fern von Entenhausen;1999;Im Lande Liliput
LTB 120;21.04.1987;Entenhausener Wunschkonzert;1999;Die Lichterkrone
LTB 121;21.07.1987;Phantomias und seine Freunde;2000;Der vergessene Schrein
LTB 122;01.09.1987;Querfeldein ueber Stock und Stein;2000;Krieg und Frieden
LTB 123;13.10.1987;Onkel Dagobert lebe hoch;2000;Christoph Kolumbus
LTB 124;01.12.1987;Wettlauf ins Ungewisse;2000;Das gläserne Schwert
LTB 125;12.01.1988;Freie Fahrt fuer Phantomias;2000;Entführt!
LTB 126;01.03.1988;Donald, der Pechvogel;2000;Eine tolle Erfindung
LTB 127;19.04.1988;Die Ducks auf Abwegen;2000;Die Bergung der Gigantic
LTB 128;07.06.1988;Goldregen bringt Segen;2000;Der Duft des Geldes
LTB 129;19.07.1988;Einer spielt falsch;2000;Die Klima-Krise
LTB 130;30.08.1988;Olympisches Fieber;2000;Olympisches Fieber
LTB 131;11.10.1988;60 Jahre Micky!;2000;Herzlichen Glückwunsch, Micky!
LTB 132;29.11.1988;Im Reich der Sterne;2000;Im Reich der Sterne
LTB 133;10.01.1989;Die neue Eiszeit;2000;Attila der Hunnenkönig
LTB 134;28.02.1989;Traum oder Wirklichkeit;2000;Der schwebende Geldspeicher
LTB 135;11.04.1989;Donald im Pech;2000;Kampf um den Mondsand
LTB 136;23.05.1989;Heisses Gold;2000;Heisses Gold
LTB 137;04.07.1989;Das gueldene Fass;2000;Das güldene Faß
LTB 138;15.08.1989;Donald ganz locker;2000;Ein aufdringlicher Begleiter
LTB 139;26.09.1989;Voll in Fahrt;2000;Invasion der Robot-Eulen
LTB 140;21.11.1989;Der ewige Zweite;2000;Der ewige Zweite
LTB 141;09.01.1990;Der Tiger von Masalia;2000;Der Tiger von Masalia
LTB 142;20.02.1990;Goldene Traeume;2000;Goldene Träume
LTB 143;27.02.1990;Das Geheimnis der Silberleuchter;2000;Das Geheimnis der Silberleuchter
LTB 144;20.03.1990;Phantomias und Bubble Billy;2000;Der Geist des Mandarins
LTB 145;24.04.1990;Das Talermonster!;2000;Das Talermonster
LTB 146;22.05.1990;Die Sportskanonen;2000;Sportlich, sportlich...
LTB 147;19.06.1990;Gold unter Wasser;2000;Das geheimnisvolle Geisterhaus
LTB 148;24.07.1990;Der magische Ring;2000;Der magische Ring
LTB 149;21.08.1990;Der goldene Krieger;2000;Phantomias und das Indianerland
LTB 150;18.09.1990;Jubilaeums-Ausgabe;2000;Jubiläums-Ausgabe
LTB 151;23.10.1990;Der Dimensions-Sprung;2004;Der Dimensions-Sprung
LTB 152;20.11.1990;Der Ungluecksbringer;2004;Der Unglücksbringer
LTB 153;18.12.1990;Der Schatz der Teufelszinne;2004;Der Schatz der Teufelszinne
LTB 154;22.01.1991;Phantomias und die Duennli-Diaet;2004;Phantomias und die Dünnli-Diät
LTB 155;19.02.1991;Abenteuer im Regenwald;2004;Abenteuer im Regenwald
LTB 156;19.03.1991;Antike Geschaefte;2004;Antike Geschäfte
LTB 157;23.04.1991;Phantomias jagt Spectaculus;2004;Phantomias jagt Spectaculus
LTB 158;21.05.1991;Der indische Tempel;2004;Der indische Tempel
LTB 159;18.06.1991;Das Geheimnis von Paris;2004;Das Geheimnis von Paris
LTB 160;23.07.1991;Der wahre Pioniergeist;2004;Der wahre Pioniergeist
LTB 161;20.08.1991;Der Hexentaler;2005;Der Hexentaler
LTB 162;17.09.1991;Der goldene Totempfahl;2005;Der goldene Totempfahl
LTB 163;22.10.1991;Das Schloss der Glenna O'Duck;2005;Das Schloß der Glenna O'Duck
LTB 164;19.11.1991;Der Schmutzgeier schlaegt zu;2005;Der Schmutzgeier schlägt zu
LTB 165;17.12.1991;Der dreizaehnige Drache;2005;Der dreizähnige Drache
LTB 166;14.01.1992;Auf Koenig Midas Spuren;2005;Auf König Midas Spuren
LTB 167;11.02.1992;Die sieben Weltwunder;2005/2016;Die sieben Weltwunder
LTB 168;10.03.1992;Kampf der Galaxien;2005;Kampf der Galaxien
LTB 169;04.04.1992;Die schwimmende Insel;2005;Die schwimmende Insel
LTB 170;12.05.1992;Eine Braut zuviel;2005;Eine Braut zuviel
LTB 171;09.06.1992;Der Schmutzgeier ist wieder da;2005/2017;Der Schmutzgeier ist wieder da
LTB 172;23.06.1992;25 tolle Jahre;2005;25 tolle Jahre
LTB 173;14.07.1992;Grrr!;2005/2019;Grrr!
LTB 174;11.08.1992;Olympia in Entenhausen;2005;Olympia in Entenhausen
LTB 175;08.09.1992;Jubilaeums-Ausgabe;2005;Jubiläums-Ausgabe
LTB 176;13.10.1992;Das Tal der sieben Sonnen;2005;Das Tal der sieben Sonnen
LTB 177;10.11.1992;Die Jagd auf Karte Nr. 1;2005;Die Jagd auf Karte Nr. 1
LTB 178;09.12.1992;Der verhinderte Entdecker;2005;Der verhinderte Entdecker
LTB 179;12.01.1993;Die neue Statue;2005;Die neue Statue
LTB 180;09.02.1993;Die raetselhaften Zwillingsvoelker;2005;Die rätselhaften Zwillingsvölker
LTB 181;09.03.1993;Der Traum vom grossen Onkel;2006;Der Traum vom großen Onkel
LTB 182;13.04.1993;Die Suche nach dem Feuer;2006;Die Suche nach dem Feuer
LTB 183;11.05.1993;Die Zauberglocke;2006;Die Zauberglocke
LTB 184;08.06.1993;Eine fantastische Reise;2006;Eine fantastische Reise
LTB 185;13.07.1993;Das Wunderpferd;2006;Das Wunderpferd
LTB 186;10.08.1993;Graf Frost und das Zepter der Zeit;2006;Graf Frost und dad Zepter der Zeit
LTB 187;14.09.1993;Der Held der Pharaonen;2006/2016;Der Held der Pharaonen
LTB 188;12.10.1993;Die Perle der Suedsee;2006;Die Perle der Südsee
LTB 189;09.11.1993;Abenteuer in Absurdistan;2006;Abenteuer in Absurdistan
LTB 190;14.12.1993;Prallball im Weltall;2006;Prallball im Weltall
LTB 191;11.01.1994;Phantomias auf Abwegen?;2006;Phantomias auf Abwegen?
LTB 192;08.02.1994;Der Wuestenwurm;2006;Der Wüstenwurm
LTB 193;08.03.1994;Der gelbe Baron und sein Elastilon;2006;Der gelbe Baron und sein Elastilon
LTB 194;12.04.1994;Das Elixier der ewigen Jugend;2006;Das Elixier der ewigen Jugend
LTB 195;03.05.1994;Der Wildbach-Marathon;2006;Der Wildbach-Marathon
LTB 196;17.05.1994;60 Jahre Superstar;2006;60 Jahre Superstar
LTB 197;07.06.1994;Drachengold;2006;Drachengold
LTB 198;12.07.1994;Das gruene Gewissen;2006;Das grüne Gewissen
LTB 199;09.08.1994;Abenteuer in Pyramontanien;2006;Abenteuer in Pyramontanien
LTB 200;13.09.1994;Jubilaeums-Ausgabe;2006;Jubiläums-Ausgabe
LTB 201;11.10.1994;Das Hexenlicht;2007;Das Hexenlicht
LTB 202;08.11.1994;Ein wahrer Held;2007;Ein wahrer Held
LTB 203;13.12.1994;Der Ritter ohne Furcht und Adel;2007;Der Ritter ohne Furcht und Adel
LTB 204;10.01.1995;Der Palast des Dagomesch;2007;Der Palast des Dagomesch
LTB 205;07.02.1995;Die Adelspruefung;2007;Die Adelsprüfung
LTB 206;07.03.1995;Im Indianerland;2007;Im Indianerland
LTB 207;04.04.1995;Der Pruegelknabe;2007;Der Prügelknabe
LTB 208;02.05.1995;Die Waechter der Zeit;2007;Die Wächter der Zeit
LTB 209;06.06.1995;Der gewaltige Zing Zong;2007;Der gewaltige Zing Zong
LTB 210;04.07.1995;Eine tolle Entdeckung;2007;Eine tolle Entdeckung
LTB 211;01.08.1995;Der Gluecksstern;2008;Der Glücksstern
LTB 212;05.09.1995;Wo ist Onkel Dagobert?;2008;Wo ist Onkel Dagobert?
LTB 213;03.10.1995;Die verlorene Welt;2008;Die verlorene Welt
LTB 214;07.11.1995;Der Dieb von Bagdad;2008;Der Dieb von Bagdad
LTB 215;05.12.1995;Donleon der Schreckliche;2008;Donleon der Schreckliche
LTB 216;09.01.1996;Der doppelte Dagobert;2008;Der doppelte Dagobert
LTB 217;06.02.1996;Die Formel des Reichtums;2008;Die Formel des Reichtums
LTB 218;05.03.1996;Die Glueckstaler-Allergie;2008;Die Glückstaler-Allergie
LTB 219;02.04.1996;Der Zauber-Zylinder;2008;Der Zauber-Zylinder
LTB 220;30.04.1996;Das Geheimnis des 313;2008;Das Geheimnis des 313
LTB 221;28.05.1996;Das Buch der Wuensche;2008;Das Buch der Wünsche
LTB 222;25.06.1996;Der erste Held von Olympia;2008;Der erste Held von Olympia
LTB 223;23.07.1996;Die Zeitwanne;2008;Die Zeitwanne
LTB 224;20.08.1996;Schwebende Schurken;2008;Schwebende Schurken
LTB 225;17.09.1996;Jubilaeums-Ausgabe;2008;Jubiläums-Ausgabe
LTB 226;15.10.1996;Der Geist aus der Kanne;2008;Der Geist aus der Kanne
LTB 227;12.11.1996;Scherben bringen Glueck;2008;Scherben bringen Glück
LTB 228;10.12.1996;Der Goldene Preis;2008;Der Goldene Preis
LTB 229;07.01.1997;Der Gangsterschatz;2008;Der Gangsterschatz
LTB 230;21.01.1997;30 Jahre Lustiges Taschenbuch;2008;30 Jahre Lustiges Taschenbuch
LTB 231;04.02.1997;Phantomias und die Zauberer;2008;Phantomias und die Zauberer
LTB 232;04.03.1997;Das Stimm-Wunder;2008;Das Stimm-Wunder
LTB 233;01.04.1997;Zeit ist Geld!;2008;Zeit ist Geld!
LTB 234;06.05.1997;Die Jagd nach dem Sumpfmonster;2008;Die Jagd nach dem Sumpfmonster
LTB 235;03.06.1997;Der Schulbusfahrer;2008;Der Schulbusfahrer
LTB 236;01.07.1997;50 Jahre Onkel Dagobert;2008;50 Jahre Onkel Dagobert
LTB 237;05.08.1997;Im Land der Saurier;2008/2016;Im Land der Saurier
LTB 238;02.09.1997;Phantomias enttarnt?;2008/2016;Phantomias enttarnt?
LTB 239;07.10.1997;60 turbulente Jahre mit Tick, Trick und Track;2008;60 turbulente Jahre mit Tick, Trick und Track
LTB 240;04.11.1997;Die glorreiche Gaense-Garde;2008;Die glorreiche Gänse-Garde
LTB 241;02.12.1997;Achtung, Aufnahme!;2011;Achtung, Aufnahme!
LTB 242;06.01.1998;Wettlauf der Erben;;
LTB 243;03.02.1998;Heisse Tage in Afrika;;
LTB 244;03.03.1998;Der Schatz der Geisterberge;;
LTB 245;31.03.1998;Der Regenmacher;;
LTB 246;28.04.1998;Falsches Spiel mit Phantomias;;
LTB 247;26.05.1998;Donaldo der Ballzauberer;;
LTB 248;23.06.1998;Gefangen im Fuerchteforst;;
LTB 249;21.07.1998;Der verrueckte Professor;;
LTB 250;18.08.1998;Jubilaeumsausgabe;;
LTB 251;15.09.1998;Schatzsuche im Eis;;
LTB 252;01.10.1998;Happy Birthday, Micky!;;
LTB 253;10.11.1998;Das grosse Wagenrennen;;
LTB 254;08.12.1998;Geschaefte in Transsylvanien;;
LTB 255;05.01.1999;Donald in Aktion;;
LTB 256;02.02.1999;Die Vulkaninsel;;
LTB 257;02.03.1999;Der Zauberer von Hokapoka;;
LTB 258;30.03.1999;Der Waldgeist;;
LTB 259;27.04.1999;Die grosse Flut;;
LTB 260;25.05.1999;Der Alptraum-Abwasch;;
LTB 261;22.06.1999;Donald Duck, King of Comics;;
LTB 262;20.07.1999;Daemonische Doppelgaenger;;
LTB 263;17.08.1999;Eine irrwitzige Irrfahrt;;
LTB 264;14.09.1999;30 Jahre fantastische Abenteuer mit Phantomias;;
LTB 265;12.10.1999;Rennfahrer wider Willen;;
LTB 266;09.11.1999;Ferien am Suedpol;;
LTB 267;07.12.1999;Ab ins Jahr 2000;;
LTB 268;04.01.2000;Jetzt schlaegts 2000;;
LTB 269;01.02.2000;Die Lichtdiebe von Kristalon;;
LTB 270;29.02.2000;Der niesende Geldsack;;
LTB 271;28.03.2000;Donald Donnerson auf grosser Fahrt;;
LTB 272;25.04.2000;Die Wunderblume;;
LTB 273;23.05.2000;Kleine Sensationen;;
LTB 274;20.06.2000;Im Fussballfieber;;
LTB 275;18.07.2000;Das Nest im Weltraum;;
LTB 276;15.08.2000;Ein tolles Hobby;;
LTB 277;12.09.2000;Dabei sein ist alles;;
LTB 278;10.10.2000;Koenig der Tiefe;;
LTB 279;07.11.2000;Eine laestige Allergie;;
LTB 280;05.12.2000;Der Herr des Dschungels;;
LTB 281;02.01.2001;Gefangen im Darkmoor;;
LTB 282;30.01.2001;Am Anfang war das Eis;;
LTB 283;28.02.2001;Die geheimnisvolle Maske;;
LTB 284;27.03.2001;Ein verruecktes Pferderennen;;
LTB 285;24.04.2001;Die Suche nach dem Superkraut;;
LTB 286;22.05.2001;Unter Woelfen;;
LTB 287;19.06.2001;Kaept’n Wirrbarts Muenze;;
LTB 288;17.07.2001;Superhelden im Doppelpack;;
LTB 289;14.08.2001;Vertauschte Rollen;;
LTB 290;11.09.2001;Die Monster vom Schlork;;
LTB 291;09.10.2001;In den Faengen der Mumie;;
LTB 292;06.11.2001;Sprung in die Zukunft;;
LTB 293;04.12.2001;100 Jahre Walt Disney;;
LTB 294;02.01.2002;Der Plattfuss aus den Waeldern;;
LTB 295;29.01.2002;Gefaehrliche Traeume;;
LTB 296;26.02.2002;Die OMA schlaegt zurueck;;
LTB 297;26.03.2002;In den Klauen der Krokonen;;
LTB 298;23.04.2002;Der Ball ist rund!;;
LTB 299;21.05.2002;70 Jahre Superstar;;
LTB 300;25.06.2002;Lustiges Taschenbuch 300;;
LTB 301;23.07.2002;Es kann nur...einen geben;;
LTB 302;20.08.2002;Der listige Lampengeist;;
LTB 303;17.09.2002;Riskanter Einsatz;;
LTB 304;15.10.2002;Im Strudel der Zeit;;
LTB 305;12.11.2002;Superheld im Anflug!;;
LTB 306;10.12.2002;Onkel Dagobert blickt durch!;;
LTB 307;07.01.2003;Glueckwunsch, Glueckspilz!;;
LTB 308;04.02.2003;Gefahr aus der Tiefe;;
LTB 309;04.03.2003;Halt den Schnabel!;;
LTB 310;01.04.2003;Der schwarze Schatten;;
LTB 311;29.04.2003;Die rote Sonne;;
LTB 312;27.05.2003;Die Unterwasser-Pillen;;
LTB 313;24.06.2003;313;2019;
LTB 314;22.07.2003;Ferien mit Donald Duck;;
LTB 315;19.08.2003;Die Wunderbrille;;
LTB 316;16.09.2003;Der Piratenschatz;;
LTB 317;14.10.2003;Im Auge des Gesetzes;;
LTB 318;11.11.2003;Alles Gute, Micky!;;
LTB 319;09.12.2003;Herr der Klinge;;
LTB 320;05.01.2004;Winterspass mit Donald Duck;2018;
LTB 321;03.02.2004;Diamantenfieber;;
LTB 322;02.03.2004;Angriff der Ameisen;;
LTB 323;30.03.2004;Operation Omega;;
LTB 324;27.04.2004;Der Wert des Geldes;;
LTB 325;25.05.2004;Donald Duck - Megastar;;
LTB 326;22.06.2004;Typisch Donald!;;
LTB 327;20.07.2004;Bademeister Duck;;
LTB 328;17.08.2004;Fair geht vor!;;
LTB 329;14.09.2004;Unter Hypnose;;
LTB 330;12.10.2004;Der Supersaenger;;
LTB 331;09.11.2004;In tierischer Mission;;
LTB 332;07.12.2004;Die Rueckkehr des Raechers;;
LTB 333;04.01.2005;333;;
LTB 334;01.02.2005;Stromausfall in Entenhausen;;
LTB 335;01.03.2005;Walkampf;;
LTB 336;29.03.2005;Gefangen in der Wueste;;
LTB 337;26.04.2005;Die Superhelden;;
LTB 338;19.05.2005;Die Weltraumritter;;
LTB 339;21.06.2005;Ferien mit den Ducks;;
LTB 340;19.07.2005;Urlaubsgruesse aus Entenhausen;;
LTB 341;16.08.2005;Klub der Milliardaere;;
LTB 342;13.09.2005;Gefangen im Spukschloss;;
LTB 343;11.10.2005;Ein Fall fuer Detektiv Duck;;
LTB 344;08.11.2005;Phantomias gegen Leo Listig;;
LTB 345;06.12.2005;Spass im Schnee;2018;
LTB 346;04.01.2006;Wo ist Donald Duck?;;
LTB 347;31.01.2006;Spione wie wir!;2018;
LTB 348;28.02.2006;Das Geisterhaus;2018;
LTB 349;28.03.2006;Skandal in Entenhausen;;
LTB 350;25.04.2006;Jubilaeums-Ausgabe LTB 350;;
LTB 351;23.05.2006;Volltreffer!;2016;
LTB 352;20.06.2006;Reif fuer die Insel;;
LTB 353;18.07.2006;Donald taucht ab;;
LTB 354;16.08.2006;Das Geheimnis des Luna-Parks;;
LTB 355;12.09.2006;Ein Hundeleben;;
LTB 356;10.10.2006;Sheriff gesucht!;;
LTB 357;07.11.2006;Raetsel um da Vinci;;
LTB 358;05.12.2006;Unheimliche Erbschaft;;
LTB 359;02.01.2007;Spion wider Willen;2019;
LTB 360;30.01.2007;Spiel auf Zeit;;
LTB 361;27.02.2007;Unter Rittern;;
LTB 362;27.03.2007;Auf Irrwegen;;
LTB 363;24.04.2007;Der Ruf des Abenteuers;2018;
LTB 364;22.05.2007;Glueckwunsch, Goofy!;;
LTB 365;19.06.2007;Die Insel der Piraten;;
LTB 366;17.07.2007;Held in Badehosen;;
LTB 367;14.08.2007;Kopfueber in den Sommer;;
LTB 368;11.09.2007;Neffen in Gefahr;;
LTB 369;09.10.2007;40 Jahre Lustiges Taschenbuch;;
LTB 370;06.11.2007;Rollentausch;;
LTB 371;04.12.2007;Geld, Gold und Glueck;;
LTB 372;02.01.2008;Alarm!;;
LTB 373;29.01.2008;Flucht nach Duckland;;
LTB 374;26.02.2008;Donald blickt durch;;
LTB 375;23.03.2008;Patient Donald Duck;;
LTB 376;22.04.2008;Indiana Goof in: Sturz ins Abenteuer;2017;
LTB 377;20.05.2008;Finale!;2016;
LTB 378;17.06.2008;Endlich Ferien!;;
LTB 379;15.07.2008;Platsch!;;
LTB 380;12.08.2008;Ring frei!;;
LTB 381;09.09.2008;Die dunkle Seite des Glueckstalers;;
LTB 382;07.10.2008;Welt ohne Farbe;;
LTB 383;04.11.2008;Happy Birthday Micky;2018;
LTB 384;02.12.2008;Agent DoppelDuck;;
LTB 385;05.01.2009;Hexenzauber;;
LTB 386;03.02.2009;Liebe und Hiebe;;
LTB 387;03.03.2009;Im Lesefieber!;;
LTB 388;31.03.2009;Schurken und Scherben;;
LTB 389;28.04.2009;Im Bann des Phantoms;;
LTB 390;26.05.2009;Alles Gute, Donald!;;
LTB 391;30.06.2009;Spass am Strand;;
LTB 392;28.07.2009;Urlaubsreif;;
LTB 393;25.08.2009;Mission Monster;2018;
LTB 394;22.09.2009;Rasanter Einsatz;2019;
LTB 395;20.10.2009;Raus aus der Krise!;;
LTB 396;17.11.2009;Duell der Giganten;;
LTB 397;15.12.2009;Geldspeicher in Gefahr;2016/2017;
LTB 398;12.01.2010;Phantomias Superstar!;2022;
LTB 399;09.02.2010;Seine erste Million;2017;
LTB 400;09.03.2010;Jubilaeumsausgabe;;
LTB 401;06.04.2010;Agent ohne Angst;2019;
LTB 402;04.05.2010;Gluecksjaeger;;
LTB 403;01.06.2010;Cup am Kap;2016;
LTB 404;29.06.2010;Sommerzeit;;
LTB 405;27.07.2010;Urlaubszeit;;
LTB 406;24.08.2010;Im Zwielicht;;
LTB 407;21.09.2010;Spass muss sein;;
LTB 408;19.10.2010;Phantomias taucht ab;;
LTB 409;16.11.2010;Der Knall im All;;
LTB 410;14.12.2010;Winterzauber;;
LTB 411;11.01.2011;Entenhausen EISKALT!;;
LTB 412;08.02.2011;Ausgezeichnet;;
LTB 413;08.03.2011;Auf der Jagd;2019;
LTB 414;05.04.2011;Held der Nacht;;
LTB 415;03.05.2011;Kampf der Piraten;;
LTB 416;31.05.2011;Reise ins Ich;;
LTB 417;28.06.2011;Sommer...;;
LTB 418;26.07.2011;...Ferien!;2019;
LTB 419;23.08.2011;Phantomias kehrt zurueck;;
LTB 420;20.09.2011;Rivalen fuer immer;2020;
LTB 421;18.10.2011;Mission in Berlin;2020;
LTB 422;15.11.2011;Die Unverbesserlichen;;
LTB 423;13.12.2011;Sein ganzer Stolz;;
LTB 424;10.01.2012;Donalds Lieblinge;2018/2019;
LTB 425;07.02.2012;Agent DoppelDuck - Extremer Einsatz;;
LTB 426;06.03.2012;Am Boden zerstoert;2017;
LTB 427;03.04.2012;Total im Stress;2019;
LTB 428;02.05.2012;Enten in Schwarz;;
LTB 429;29.05.2012;Jagd nach dem Ball;2016/2018;
LTB 430;26.06.2012;Sommer & Sonne;2016;
LTB 431;24.07.2012;Strand & Meer;2016;
LTB 432;21.08.2012;Abflug ins Abenteuer;2014;
LTB 433;18.09.2012;Einsatz bei Nacht;;
LTB 434;16.10.2012;Das Orakel der Mayas;2016;
LTB 435;13.11.2012;Streng geheim;2019;
LTB 436;11.12.2012;Ente in Rente?;2017;
LTB 437;08.01.2013;Gans im Glueck;2018;
LTB 438;05.02.2013;Einsatz in Europa;;
LTB 439;05.03.2013;Goldene Zeiten;;
LTB 440;02.04.2013;Ein Held fuer alle Faelle;;
LTB 441;30.04.2013;Der einsame Waechter;;
LTB 442;28.05.2013;Panzerknacker knacken wacker;;
LTB 443;25.06.2013;Urlaub wir kommen!;;
LTB 444;23.07.2013;Strandvergnuegen!;;
LTB 445;20.08.2013;Ein Traum von Ferien;;
LTB 446;17.09.2013;Sein Ein und Alles;;
LTB 447;15.10.2013;Auf zu den Sternen;;
LTB 448;12.11.2013;Die grosse Reise;;
LTB 449;10.12.2013;Winterzeit;2018;
LTB 450;07.01.2014;Jubilaeumsausgabe;2020;
LTB 451;04.02.2014;Eiszeit in Entenhausen;;
LTB 452;04.03.2014;Alle gegen einen;;
LTB 453;01.04.2014;Die Legende des ersten Phantomias;;
LTB 454;29.04.2014;Wem die Stunde schlaegt;;
LTB 455;27.05.2014;80 Jahre Donald Duck;;
LTB 456;24.06.2014;Dagobert auf Tour;2017;
LTB 457;22.07.2014;Die Neffen sind los!;;
LTB 458;19.08.2014;Donald ganz cool!;;
LTB 459;16.09.2014;Der Fluch der Farben;;
LTB 460;14.10.2014;Gold in Gefahr!;;
LTB 461;11.11.2014;Marsch durch Mittelwelt;;
LTB 462;09.12.2014;Weihnachten in Gefahr!;2018;
LTB 463;06.01.2015;Eiskalt erwischt!;;
LTB 464;03.02.2015;Die Jagd nach dem Falken;;
LTB 465;03.03.2015;Im Bann der Hexe;;
LTB 466;31.03.2015;Phantomime kehrt zurueck;;
LTB 467;28.04.2015;Moby Duck;;
LTB 468;29.05.2015;Der Grillmeister;;
LTB 469;23.06.2015;Start in den Sommer;;
LTB 470;21.07.2015;Sommer ohne Ende;;
LTB 471;18.08.2015;Die Rueckkehr des ersten Phantomias;;
LTB 472;15.09.2015;Gnadenlose Gegner;;
LTB 473;13.10.2015;Biss zum Morgen;;
LTB 474;10.11.2015;Ertappt!;;
LTB 475;08.12.2015;Gefaehrliche Galaxien;;
LTB 476;05.01.2016;Der unverfrorene Schneemann;;
LTB 477;02.02.2016;Diamantenfeuer;;
LTB 478;01.03.2016;Weltweit im Einsatz;;
LTB 479;29.03.2016;Fuehrerschein;;
LTB 480;26.04.2016;Der Burger Meister von Entenhausen;;
LTB 481;24.05.2016;Elf Enten muesst ihr sein!;2020;
LTB 482;21.06.2016;Sprung in den Sommer;2020;
LTB 483;19.07.2016;So ein Stress!;2020;
LTB 484;16.08.2016;Einfach abhaengen;2020;
LTB 485;13.09.2016;Findet Donald;;
LTB 486;11.10.2016;Der Ritter von Duckburg;;
LTB 487;08.11.2016;Endlich reich?;;
LTB 488;06.12.2016;Laeuft bei mir!;2020;
LTB 489;03.01.2017;Das wird ein Jahr!;;
LTB 490;31.01.2017;Cool bleiben!;;
LTB 491;28.02.2017;Die Schatzinsel;;
LTB 492;28.03.2017;Die Spur der Saphire;;
LTB 493;25.04.2017;Vereinte Kraefte;;
LTB 494;23.05.2017;Es geht um die Wurst!;;
LTB 495;20.06.2017;Ich packe meinen Koffer...;;
LTB 496;18.07.2017;Ich mache Urlaub!;;
LTB 497;15.08.2017;Ich bin dann mal weg!;;
LTB 498;12.09.2017;Der Drachenkaempfer;;
LTB 499;10.10.2017;Der Kolumbusfalter kehrt zurueck!;;
LTB 500;07.11.2017;Jubilaeumsausgabe 500;;
LTB 501;05.12.2017;Gold und Silber lieb ich sehr!;;
LTB 502;02.01.2018;Gefahr auf hoher See;;
LTB 503;30.01.2018;Auf die Piste fertig los!;;
LTB 504;27.02.2018;Der Superschleim;;
LTB 505;27.03.2018;Zutritt Verboten!;;
LTB 506;24.04.2018;Tatort Entenhausen;;
LTB 507;22.05.2018;Auf zum Titel;;
LTB 508;19.06.2018;Einfach Entspannen;;
LTB 509;17.07.2018;Extrem erfrischen!;;
LTB 510;14.08.2018;Die Rache des Pharao;;
LTB 511;11.09.2018;Gauner im Goldrausch;;
LTB 512;09.10.2018;Duckenstein;;
LTB 513;06.11.2018;90 Jahre Micky;;
LTB 514;04.12.2018;Der grosse Wurf;;
LTB 515;02.01.2019;Die Cyberbrille;;
LTB 516;29.01.2019;Frost in der Post;;
LTB 517;26.02.2019;Gute Besserung!;;
LTB 518;26.03.2019;Das schlaue Buch in Gefahr;;
LTB 519;23.04.2019;Die Bestie von Duckenburgh;;
LTB 520;21.05.2019;85 Jahre Donald Duck;;
LTB 521;18.06.2019;50 Jahre Phantomias;;
LTB 522;16.07.2019;Sommerferien auf dem Mond;;
LTB 523;13.08.2019;Die Ducks auf Kreuzfahrt;;
LTB 524;10.09.2019;Mission DoppelDuck;;
LTB 525;08.10.2019;Ein gefaehrlicher Gegner;;
LTB 526;05.11.2019;Jagd durch Berlin;;
LTB 527;03.12.2019;Unter Schneemaennern;;
LTB 528;07.01.2020;Die Saga beginnt;;
LTB 529;04.02.2020;Neue Helden;;
LTB 530;03.03.2020;Das Geheimnis meines Erfolgs;;
LTB 531;31.03.2020;Keine Zeit zu Lachen;;
LTB 532;28.04.2020;Der Wuensch-O-Mat;;
LTB 533;26.05.2020;Die Legende des ersten Phantomias - Alles auf Anfang;;
LTB 534;23.06.2020;Ferienspass in Entenhausen;;
LTB 535;21.07.2020;Planlos im Paradies;;
LTB 536;18.08.2020;Erzfeinde;;
LTB 537;15.09.2020;313 neue Nachrichten;;
LTB 538;13.10.2020;Der Fluch der Hexe;;
LTB 539;10.11.2020;Zurueck am Tatort Entenhausen[LTB 1];;
LTB 540;08.12.2020;Zank & Zoff;;
LTB 541;05.01.2021;Der Schatz der Pinguine;;
LTB 542;02.02.2021;Wohin des Weges, Phantomias?;;
LTB 543;02.03.2021;Mission Galaxis;;
LTB 544;30.03.2021;Fast schon zu Furious!;;
LTB 545;27.04.2021;Die Duckyssee;;
LTB 546;25.05.2021;Anpfiff in Europa;;
LTB 547;22.06.2021;Ab ans Meer;;
LTB 548;20.07.2021;Hoeher schneller weiter!;;
LTB 549;17.08.2021;Unter Dinos;;
LTB 550;14.09.2021;Reise zur Erdmitte;;
LTB 551;12.10.2021;Gefahr fuer Micky;;
LTB 552;09.11.2021;70 Jahre Panzerknacker;;
LTB 553;07.12.2021;Wie alles begann...;;
LTB 554;04.01.2022;Tag & Nacht im Einsatz;;
LTB 555;01.02.2022;Abflug auf Ski;;
LTB 556;01.03.2022;Das Geheimnis des Geldspeichers;;
LTB 557;29.03.2022;Spass im Looping;;
LTB 558;26.04.2022;Das Zeitportal;;
LTB 559;24.05.2022;Eine handfeste Erfindung;;
LTB 560;21.06.2022;Ab an den Strand!;;
LTB 561;19.07.2022;Auf ins Meer!;;
LTB 562;16.08.2022;19.999 Meilen unter dem Meer;;
LTB 563;13.09.2022;Von allen gejagt;;
LTB 564;11.10.2022;Im Mikroland;;
LTB 565;08.11.2022;Donaldo;;
LTB 566;06.12.2022;Goldenes Jubilaeum;;
LTB 567;03.01.2023;Viel Glueck!;;
LTB 568;31.01.2023;Wo ist der Schnee?;;
LTB 569;28.02.2023;Faehnlein Fieselschweif in Aktion;;
LTB 570;28.03.2023;Donalds Geheimnis;;
LTB 571;25.04.2023;Hier grille ich!;;
LTB 572;23.05.2023;Der geheimnisvolle Tempel;;
